ID,Label,External ID
cc83cef3-9974-4d52-ac42-28942ec726d1,Skip,screen_768x768_0.png.txt
7d2a4417-5cb7-45d5-9698-895c92c58fa3,Skip,screen_768x768_1.png.txt
9940a7b7-a9cc-44e5-a5cd-8f5dc7ed557b,Skip,screen_768x768_10.png.txt
b94e6c10-6141-4bf1-8c2b-4c9d8f2ecfae,Skip,screen_768x768_100.png.txt
6e744db6-cb5e-4b69-8843-158f886348f2,Skip,screen_768x768_101.png.txt
335f879c-1e53-428a-812c-985acc1dde75,Skip,screen_768x768_102.png.txt
ca8a06d2-fccc-4338-9258-939ced7bef90,Skip,screen_768x768_103.png.txt
b7d1ab6b-c682-43dc-ac87-d46bb23c6683,Skip,screen_768x768_104.png.txt
776a28c1-de6c-448a-89c7-1d41bf785e31,Skip,screen_768x768_105.png.txt
96d8e3f3-f83e-4df6-9857-a9aabc60b7fe,Skip,screen_768x768_106.png.txt
7c9592ce-8ff1-4a1f-8b99-11637f1eec69,Skip,screen_768x768_107.png.txt
79e50666-c939-4063-8a3a-1db68bb1b993,Skip,screen_768x768_108.png.txt
b9f29fe4-4ef1-4e0f-b384-52e23e19357f,Skip,screen_768x768_109.png.txt
2e8ed4ec-c1f0-411f-8349-75bfd091038c,Skip,screen_768x768_11.png.txt
8a45795e-36a5-47bb-bfd4-d922dd925ab0,Skip,screen_768x768_110.png.txt
398260e2-d0c9-4f9b-b9b1-de75cdd89237,Skip,screen_768x768_111.png.txt
da049783-1d63-4a37-99b6-90f3c25f6f82,Skip,screen_768x768_112.png.txt
936c790d-004c-4cbf-8423-1c4fb41efe76,Skip,screen_768x768_113.png.txt
477c063b-8103-44d4-b266-e6643908cd74,Skip,screen_768x768_114.png.txt
d5526327-cd98-4fe8-9b78-51e2871cb276,Skip,screen_768x768_115.png.txt
53658140-31ff-428a-aa1c-f387c01b157d,Skip,screen_768x768_116.png.txt
652f2161-3fa6-4b57-b555-5f644333deab,Skip,screen_768x768_117.png.txt
49e66ec1-f41b-43c4-a0cf-b767d8b7c191,Skip,screen_768x768_118.png.txt
2d343433-8a47-40fa-a369-2dbbe661580d,Skip,screen_768x768_119.png.txt
3370b2b0-f8a2-4055-b652-5518ff65e258,Skip,screen_768x768_12.png.txt
5464b79d-3995-4699-b4cf-42f545d6e9ba,Skip,screen_768x768_120.png.txt
c2a0c188-a6c1-4f43-b935-2b0bfacd9764,"{'Bay': [{'geometry': [{'x': '685.7966', 'y': '448.3517'}, {'x': '685.7966', 'y': '385.9261'}, {'x': '702.3444', 'y': '385.9261'}, {'x': '702.3444', 'y': '448.3517'}]}]}",screen_768x768_121.png
2f353707-6c93-4068-a5ac-d542b4244d6d,"{'Bay': [{'geometry': [{'x': '598.2432', 'y': '448.3517'}, {'x': '598.2432', 'y': '385.9261'}, {'x': '614.7908', 'y': '385.9261'}, {'x': '614.7908', 'y': '448.3517'}]}]}",screen_768x768_122.png
561bae02-957f-4dc1-b593-a93c08e55e40,"{'Bay': [{'geometry': [{'x': '510.6898', 'y': '448.3517'}, {'x': '510.6898', 'y': '385.9261'}, {'x': '527.2374', 'y': '385.9261'}, {'x': '527.2374', 'y': '448.3517'}]}]}",screen_768x768_123.png
eb819270-f5c0-48dc-947c-c34374013cc3,"{'Bay': [{'geometry': [{'x': '423.1363', 'y': '448.3517'}, {'x': '423.1363', 'y': '385.9261'}, {'x': '439.6839', 'y': '385.9261'}, {'x': '439.6839', 'y': '448.3517'}]}]}",screen_768x768_124.png
e5097d12-e861-4afb-8f11-08c85c1ab7ff,"{'Bay': [{'geometry': [{'x': '335.5829', 'y': '448.3517'}, {'x': '335.5829', 'y': '385.9261'}, {'x': '352.1306', 'y': '385.9261'}, {'x': '352.1306', 'y': '448.3517'}]}]}",screen_768x768_125.png
254bcf4f-0af4-4248-856d-2ca7195498b7,"{'Bay': [{'geometry': [{'x': '248.0296', 'y': '448.3517'}, {'x': '248.0296', 'y': '385.9261'}, {'x': '264.5772', 'y': '385.9261'}, {'x': '264.5772', 'y': '448.3517'}]}]}",screen_768x768_126.png
a75eba01-29ee-40c5-aeeb-823e7038d45f,"{'Bay': [{'geometry': [{'x': '160.4761', 'y': '448.3517'}, {'x': '160.4761', 'y': '385.9261'}, {'x': '177.0237', 'y': '385.9261'}, {'x': '177.0237', 'y': '448.3517'}]}]}",screen_768x768_127.png
cffbdef3-a09e-4ff5-bebf-8e8d3acb42ef,"{'Bay': [{'geometry': [{'x': '72.92271', 'y': '448.3517'}, {'x': '72.92271', 'y': '385.9261'}, {'x': '89.47036999999997', 'y': '385.9261'}, {'x': '89.47036999999997', 'y': '448.3517'}]}]}",screen_768x768_128.png
20fc2f47-c219-4386-b444-b26657db5516,"{'Bay': [{'geometry': [{'x': '186.2168', 'y': '424.0993'}, {'x': '186.2168', 'y': '390.3913'}, {'x': '243.4767', 'y': '390.3913'}, {'x': '243.4767', 'y': '424.0993'}]}]}",screen_768x768_129.png
bf806077-2200-4c0d-ab3e-34df080200d6,Skip,screen_768x768_13.png.txt
093ad0e6-d3d3-440e-beb5-6583a8fd96f7,"{'Bay': [{'geometry': [{'x': '98.66338', 'y': '424.0993'}, {'x': '98.66338', 'y': '390.3913'}, {'x': '155.9233', 'y': '390.3913'}, {'x': '155.9233', 'y': '424.0993'}]}]}",screen_768x768_130.png
a4f7a776-bc20-4def-9056-9f3135b5a7a1,"{'Bay': [{'geometry': [{'x': '11.11004', 'y': '424.0993'}, {'x': '11.11004', 'y': '390.3913'}, {'x': '68.36993000000001', 'y': '390.3913'}, {'x': '68.36993000000001', 'y': '424.0993'}]}]}",screen_768x768_131.png
8844fb56-6b8e-4130-92cf-0fe833b866a5,"{'Bay': [{'geometry': [{'x': '19.16489', 'y': '759.516449'}, {'x': '19.16489', 'y': '696.8281900000001'}, {'x': '34.57425', 'y': '696.8281900000001'}, {'x': '34.57425', 'y': '759.516449'}]}]}",screen_768x768_132.png
c350d830-3db8-433b-836d-f35d03866917,"{'Bay': [{'geometry': [{'x': '16.80096', 'y': '738.9414400000002'}, {'x': '16.80096', 'y': '676.51586'}, {'x': '30.19656', 'y': '676.51586'}, {'x': '30.19656', 'y': '738.9414400000002'}]}]}",screen_768x768_133.png
21dea300-b086-46ef-b24a-7bf8a5a8c8b8,Skip,screen_768x768_134.png.txt
06692fba-dc0c-4cee-9e8c-4ad0ec016365,Skip,screen_768x768_135.png.txt
616b5851-aac5-4ef8-88f5-7e23b7560504,Skip,screen_768x768_136.png.txt
5be301bd-22a3-4e4a-b45f-faf420811788,Skip,screen_768x768_137.png.txt
9beb7865-c241-4d61-8c2f-fe531169a23e,Skip,screen_768x768_138.png.txt
eabe1bfc-81a1-4080-9ead-0610a7e370b5,Skip,screen_768x768_139.png.txt
d17a3a92-f8f0-4041-87ff-408aa06fdfc3,Skip,screen_768x768_14.png.txt
3c792227-d175-441e-9de5-4824123481d2,Skip,screen_768x768_140.png.txt
a2864e6a-245c-4f25-8ef1-f22a508b6ad7,Skip,screen_768x768_141.png.txt
3998b7a3-5b94-4119-b667-c0abd4a69ce4,Skip,screen_768x768_142.png.txt
09b45543-2f9f-4f0c-8b58-0ad2c6246aa9,Skip,screen_768x768_143.png.txt
1ac491d1-a553-4f48-a48a-c735763b5062,Skip,screen_768x768_144.png.txt
64455689-2d54-4e22-9f18-8197f8057f25,Skip,screen_768x768_145.png.txt
d89c3b8e-1593-43a6-97a3-9ddc7c10d708,Skip,screen_768x768_146.png.txt
b43f91cf-df54-4332-b9b5-84fc713a3772,Skip,screen_768x768_147.png.txt
1f8be185-2145-4d00-ba15-1970582947b1,Skip,screen_768x768_148.png.txt
0bc05ccc-e4f2-42b3-9253-db983d84e14f,Skip,screen_768x768_149.png.txt
e2f62130-7bf7-4997-96e9-8b691ba05420,Skip,screen_768x768_15.png.txt
df6fb97d-ff35-4591-8a27-1423364a9c8a,Skip,screen_768x768_150.png.txt
3e7a7a88-aa7e-4319-b2d6-db146c99d334,Skip,screen_768x768_151.png.txt
e95b5dd0-0357-481a-8096-04b895c7ba7a,Skip,screen_768x768_152.png.txt
17748f97-f8ea-4f64-8fe4-5cb930937a0b,Skip,screen_768x768_153.png.txt
cfa5f1f4-16c1-425b-9308-8081100b4529,Skip,screen_768x768_154.png.txt
c5bf930e-9dab-4c5e-a17a-8ee8309ef643,Skip,screen_768x768_155.png.txt
fa2853b2-b6ff-4ae9-ad97-37744601cd3a,Skip,screen_768x768_156.png.txt
1e99b37d-2b97-4066-a01a-f4495f829e09,Skip,screen_768x768_157.png.txt
0b66c2e2-d993-41e7-ac37-ff833978d478,Skip,screen_768x768_158.png.txt
c3e3f5fb-7002-4bc6-8d49-1d2e4c5ec1de,Skip,screen_768x768_159.png.txt
bfe3ef3c-ac8b-4a7a-86f1-43bd8dedc094,Skip,screen_768x768_16.png.txt
1162f80f-3b4e-4044-86ed-16ef46feeffe,Skip,screen_768x768_160.png.txt
24c69fab-5872-4fc5-bf71-fd0941997790,Skip,screen_768x768_161.png.txt
2971cd44-8588-47b4-8357-23abd35812d5,Skip,screen_768x768_162.png.txt
876842e8-f7d0-4b57-b9de-07c15b9a349b,Skip,screen_768x768_163.png.txt
33f98d3c-a354-49ea-b4da-6d530bb9b082,Skip,screen_768x768_164.png.txt
0e60ef47-7ead-4aac-b585-9a684ed394e1,Skip,screen_768x768_165.png.txt
fdfd16b6-f7c0-4195-adae-16d4891b408d,Skip,screen_768x768_166.png.txt
60f52a75-c7b3-4744-a186-91d751f1449d,Skip,screen_768x768_167.png.txt
6ee49675-5459-486e-946e-ed8b5742fb6b,Skip,screen_768x768_168.png.txt
5cca8ea9-d918-495f-a741-547bf1e45e2e,Skip,screen_768x768_169.png.txt
bc4cac58-d9da-4af0-bd94-6c23ca7e7602,Skip,screen_768x768_17.png.txt
0a3f240a-4008-449a-9615-c70c6f1b0902,Skip,screen_768x768_170.png.txt
43cca2dc-102f-4e5f-8315-a7cce0d9da98,Skip,screen_768x768_171.png.txt
8f55619e-d23a-46c6-81c0-d6073b4aa244,Skip,screen_768x768_172.png.txt
915df848-88cd-4f0c-a038-93b0d1b18209,"{'Bay': [{'geometry': [{'x': '685.7966', 'y': '115.64869999999996'}, {'x': '685.7966', 'y': '53.223100000000045'}, {'x': '702.3444', 'y': '53.223100000000045'}, {'x': '702.3444', 'y': '115.64869999999996'}]}]}",screen_768x768_173.png
21dfb945-a1fd-4cf1-960f-91ba40d6a5f2,"{'Bay': [{'geometry': [{'x': '598.2432', 'y': '115.64869999999996'}, {'x': '598.2432', 'y': '53.223100000000045'}, {'x': '614.7908', 'y': '53.223100000000045'}, {'x': '614.7908', 'y': '115.64869999999996'}]}]}",screen_768x768_174.png
a11882fa-d8a9-40c5-ac7f-807bdf4c1d58,"{'Bay': [{'geometry': [{'x': '510.6898', 'y': '115.64869999999996'}, {'x': '510.6898', 'y': '53.223100000000045'}, {'x': '527.2374', 'y': '53.223100000000045'}, {'x': '527.2374', 'y': '115.64869999999996'}]}]}",screen_768x768_175.png
a4ba50e2-c714-4b4c-b6bd-41d58d486e2a,"{'Bay': [{'geometry': [{'x': '423.1363', 'y': '115.64869999999996'}, {'x': '423.1363', 'y': '53.223100000000045'}, {'x': '439.6839', 'y': '53.223100000000045'}, {'x': '439.6839', 'y': '115.64869999999996'}]}]}",screen_768x768_176.png
b1c388e0-b6ed-40b2-b923-39510466e860,"{'Bay': [{'geometry': [{'x': '335.5829', 'y': '115.64869999999996'}, {'x': '335.5829', 'y': '53.223100000000045'}, {'x': '352.1306', 'y': '53.223100000000045'}, {'x': '352.1306', 'y': '115.64869999999996'}]}]}",screen_768x768_177.png
46ccd3f1-51bb-42e2-8187-fbdd4882d14f,"{'Bay': [{'geometry': [{'x': '248.0296', 'y': '115.64869999999996'}, {'x': '248.0296', 'y': '53.223100000000045'}, {'x': '264.5772', 'y': '53.223100000000045'}, {'x': '264.5772', 'y': '115.64869999999996'}]}]}",screen_768x768_178.png
b07b0283-56df-413f-9422-accfa7e6981e,"{'Bay': [{'geometry': [{'x': '160.4761', 'y': '115.64869999999996'}, {'x': '160.4761', 'y': '53.223100000000045'}, {'x': '177.0237', 'y': '53.223100000000045'}, {'x': '177.0237', 'y': '115.64869999999996'}]}]}",screen_768x768_179.png
3c2b4d6a-c500-4dac-adf1-2e825ac557cc,Skip,screen_768x768_18.png.txt
92b46a80-3e13-434e-8065-7a664a4af867,"{'Bay': [{'geometry': [{'x': '72.92271', 'y': '115.64869999999996'}, {'x': '72.92271', 'y': '53.223100000000045'}, {'x': '89.47036999999997', 'y': '53.223100000000045'}, {'x': '89.47036999999997', 'y': '115.64869999999996'}]}]}",screen_768x768_180.png
0620b7f3-20d7-4e42-ab64-ab72a6b56426,"{'Bay': [{'geometry': [{'x': '186.2168', 'y': '91.39639999999996'}, {'x': '186.2168', 'y': '57.68830000000003'}, {'x': '243.4767', 'y': '57.68830000000003'}, {'x': '243.4767', 'y': '91.39639999999996'}]}]}",screen_768x768_181.png
f632d044-9f87-49bc-84bc-c5b536e07166,"{'Bay': [{'geometry': [{'x': '98.66338', 'y': '91.39639999999996'}, {'x': '98.66338', 'y': '57.68830000000003'}, {'x': '155.9233', 'y': '57.68830000000003'}, {'x': '155.9233', 'y': '91.39639999999996'}]}]}",screen_768x768_182.png
f77abe9e-6067-45e9-9026-7b6974505bd6,"{'Bay': [{'geometry': [{'x': '11.11004', 'y': '91.39639999999996'}, {'x': '11.11004', 'y': '57.68830000000003'}, {'x': '68.36993000000001', 'y': '57.68830000000003'}, {'x': '68.36993000000001', 'y': '91.39639999999996'}]}]}",screen_768x768_183.png
6bd2783c-8590-406e-ba18-912398e57ddb,"{'Bay': [{'geometry': [{'x': '19.16489', 'y': '426.8134'}, {'x': '19.16489', 'y': '364.1252'}, {'x': '34.57425', 'y': '364.1252'}, {'x': '34.57425', 'y': '426.8134'}]}]}",screen_768x768_184.png
dde63009-3ad8-4918-be81-07f8a55fcb84,"{'Bay': [{'geometry': [{'x': '16.80096', 'y': '406.2384'}, {'x': '16.80096', 'y': '343.8129'}, {'x': '30.19656', 'y': '343.8129'}, {'x': '30.19656', 'y': '406.2384'}]}]}",screen_768x768_185.png
78e2eed5-5243-4152-b409-7454e61a779b,Skip,screen_768x768_186.png.txt
ac42a7e1-3104-459a-9d94-8b36ce368494,Skip,screen_768x768_187.png.txt
495af7c3-7289-4246-9c97-68c4caa8c14f,Skip,screen_768x768_188.png.txt
47c2ed70-2dbb-4255-bd51-ff098eead6c7,Skip,screen_768x768_189.png.txt
3aed71f0-1e7e-43f9-9122-89965341bfaf,Skip,screen_768x768_19.png.txt
ea5862e4-40e4-4d64-b9f2-435bd302ae72,Skip,screen_768x768_190.png.txt
7b2c11ac-dbbf-4ff6-8998-e8fc38c91cef,Skip,screen_768x768_191.png.txt
523b5e56-3205-479a-887e-8600c125baa6,Skip,screen_768x768_192.png.txt
bcd0ed77-8a64-4387-9954-6b3336e86966,Skip,screen_768x768_193.png.txt
dbaafa3f-a128-408c-afc1-10a98f1bcbc0,Skip,screen_768x768_194.png.txt
d79374c1-a534-417a-b13d-c4c0d562a282,Skip,screen_768x768_195.png.txt
5c1942c9-8293-43a8-b4c9-c65dc52b07d3,Skip,screen_768x768_196.png.txt
2377b8a9-eb68-4dac-98ec-3196a9e1f6b2,Skip,screen_768x768_197.png.txt
3dd0e085-8834-4e73-9fe1-67faaf12b3fd,Skip,screen_768x768_198.png.txt
8263dd36-302e-4738-bb3a-c50f7af799c7,Skip,screen_768x768_199.png.txt
31a7b353-eb76-4daf-b0d4-aed5f5ef0c09,Skip,screen_768x768_2.png.txt
1170e3ca-95bd-4476-8fe9-904e54a831ad,Skip,screen_768x768_20.png.txt
c66662f7-7d43-4150-b07a-ed562b3f799d,Skip,screen_768x768_200.png.txt
c8983c11-09b6-46f8-82c6-a2387b99506b,Skip,screen_768x768_201.png.txt
d5a957e7-d2d8-4d18-bcce-f01ee63cafb2,Skip,screen_768x768_202.png.txt
80efec34-54cc-4f05-99bf-c113bd7f3f46,Skip,screen_768x768_203.png.txt
469dc3fa-a93f-4948-a6d3-1e04866b7bef,Skip,screen_768x768_204.png.txt
7a7409cb-3201-4e20-a68e-86d3a8a4a394,Skip,screen_768x768_205.png.txt
2c96e0d9-1252-4af7-8879-6bf60e1e9b2d,Skip,screen_768x768_206.png.txt
252169fa-30e5-4445-9d51-ee0fedf696de,Skip,screen_768x768_207.png.txt
8484116b-bd68-407b-b600-a15e9a182831,Skip,screen_768x768_208.png.txt
3abc6c9b-b896-4747-a12c-e6bc599b4db4,Skip,screen_768x768_209.png.txt
82bc14b0-fc97-4c5a-9cf3-6612ed734ab9,Skip,screen_768x768_21.png.txt
9e748e7a-b34a-4890-af71-0ea7accb646b,Skip,screen_768x768_210.png.txt
7943ef67-5333-4f9b-8321-e77586a4167a,Skip,screen_768x768_211.png.txt
0819bbcf-ceb1-4c1f-8457-1f6578fa498a,Skip,screen_768x768_212.png.txt
4b632159-1bec-4420-ace5-d609e159abcd,Skip,screen_768x768_213.png.txt
475c4004-7828-4872-a035-e4d39422fad4,Skip,screen_768x768_214.png.txt
55c959d4-8efd-47ff-a602-acdc986e084f,Skip,screen_768x768_215.png.txt
52135caf-6a82-4b7c-8be2-19e65f2af4e6,Skip,screen_768x768_216.png.txt
b599bdc1-975d-4c71-be00-c93b8b055826,Skip,screen_768x768_217.png.txt
7596ed61-dfdd-4da5-9c16-27a66001a9ea,Skip,screen_768x768_218.png.txt
f1e5ae9b-7ddb-42a6-a2cd-a80bdd5dc63e,"{'Bay': [{'geometry': [{'x': '632.9143', 'y': '485.6492'}, {'x': '632.9143', 'y': '499.1324'}, {'x': '694.7272', 'y': '499.1324'}, {'x': '694.7272', 'y': '485.6492'}]}]}",screen_768x768_219.png
044339f8-13e3-4616-ad95-4e3dfd5e0e43,Skip,screen_768x768_22.png.txt
4f220fde-fcc7-4081-88e8-1cafb4f22069,"{'Bay': [{'geometry': [{'x': '545.3608', 'y': '485.6492'}, {'x': '545.3608', 'y': '499.1324'}, {'x': '607.1737', 'y': '499.1324'}, {'x': '607.1737', 'y': '485.6492'}]}]}",screen_768x768_220.png
07a1886e-c56d-4cda-9ef1-31ca975059c8,"{'Bay': [{'geometry': [{'x': '457.8074', 'y': '485.6492'}, {'x': '457.8074', 'y': '499.1324'}, {'x': '519.6202', 'y': '499.1324'}, {'x': '519.6202', 'y': '485.6492'}]}]}",screen_768x768_221.png
07ef0122-0461-46c8-b988-ca14f28fa1b9,"{'Bay': [{'geometry': [{'x': '370.2541', 'y': '485.6492'}, {'x': '370.2541', 'y': '499.1324'}, {'x': '432.0669', 'y': '499.1324'}, {'x': '432.0669', 'y': '485.6492'}]}]}",screen_768x768_222.png
1d9e7d28-a6a7-492d-810a-ed15cd814c99,"{'Bay': [{'geometry': [{'x': '282.7006', 'y': '485.6492'}, {'x': '282.7006', 'y': '499.1324'}, {'x': '344.5135', 'y': '499.1324'}, {'x': '344.5135', 'y': '485.6492'}]}]}",screen_768x768_223.png
bac5c02e-dc95-4689-b714-2b9e224ad3ab,"{'Bay': [{'geometry': [{'x': '195.1472', 'y': '485.6492'}, {'x': '195.1472', 'y': '499.1324'}, {'x': '256.96', 'y': '499.1324'}, {'x': '256.96', 'y': '485.6492'}]}]}",screen_768x768_224.png
2c88e279-6a10-4917-a08c-a2f41e89a9cf,"{'Bay': [{'geometry': [{'x': '107.5938', 'y': '485.6492'}, {'x': '107.5938', 'y': '499.1324'}, {'x': '169.4067', 'y': '499.1324'}, {'x': '169.4067', 'y': '485.6492'}]}]}",screen_768x768_225.png
ce76e5e9-a819-4420-8322-13eb2d72dd76,"{'Bay': [{'geometry': [{'x': '727.9098', 'y': '322.3621'}, {'x': '727.9098', 'y': '260.7247'}, {'x': '746.8214', 'y': '260.7247'}, {'x': '746.8214', 'y': '322.3621'}]}]}",screen_768x768_226.png
2fbf9533-3933-4776-8527-a823ee07c6f8,"{'Bay': [{'geometry': [{'x': '664.4337', 'y': '126.15499999999996'}, {'x': '664.4337', 'y': '63.90440000000001'}, {'x': '681.1564', 'y': '63.90440000000001'}, {'x': '681.1564', 'y': '126.15499999999996'}]}]}",screen_768x768_227.png
564022b7-9d13-440d-9c01-9d5fcade0cdd,"{'Bay': [{'geometry': [{'x': '576.8802', 'y': '126.15499999999996'}, {'x': '576.8802', 'y': '63.90440000000001'}, {'x': '593.6029', 'y': '63.90440000000001'}, {'x': '593.6029', 'y': '126.15499999999996'}]}]}",screen_768x768_228.png
6a05a76a-6d4a-4180-8ad1-7e644d83856f,"{'Bay': [{'geometry': [{'x': '489.3268', 'y': '126.15499999999996'}, {'x': '489.3268', 'y': '63.90440000000001'}, {'x': '506.0496', 'y': '63.90440000000001'}, {'x': '506.0496', 'y': '126.15499999999996'}]}]}",screen_768x768_229.png
b6678cd1-07c7-4499-9bc6-288367ea8e15,Skip,screen_768x768_23.png.txt
759ec180-8f90-416c-a322-a65b7ffb9eb2,"{'Bay': [{'geometry': [{'x': '401.7734', 'y': '126.15499999999996'}, {'x': '401.7734', 'y': '63.90440000000001'}, {'x': '418.4962', 'y': '63.90440000000001'}, {'x': '418.4962', 'y': '126.15499999999996'}]}]}",screen_768x768_230.png
4c32a991-11b7-46ca-a9b4-442ed3d2c6ab,"{'Bay': [{'geometry': [{'x': '314.2199', 'y': '126.15499999999996'}, {'x': '314.2199', 'y': '63.90440000000001'}, {'x': '330.9427', 'y': '63.90440000000001'}, {'x': '330.9427', 'y': '126.15499999999996'}]}]}",screen_768x768_231.png
571cf823-6da7-4639-b380-043eb9870f89,"{'Bay': [{'geometry': [{'x': '226.6666', 'y': '126.15499999999996'}, {'x': '226.6666', 'y': '63.90440000000001'}, {'x': '243.3893', 'y': '63.90440000000001'}, {'x': '243.3893', 'y': '126.15499999999996'}]}]}",screen_768x768_232.png
151032c4-be70-4fe2-9f49-5601f73c8e62,"{'Bay': [{'geometry': [{'x': '139.1131', 'y': '126.15499999999996'}, {'x': '139.1131', 'y': '63.90440000000001'}, {'x': '155.8358', 'y': '63.90440000000001'}, {'x': '155.8358', 'y': '126.15499999999996'}]}]}",screen_768x768_233.png
04e47c3b-3bc7-45db-9a17-b09538b4dea0,"{'Bay': [{'geometry': [{'x': '51.55971', 'y': '126.15499999999996'}, {'x': '51.55971', 'y': '63.90440000000001'}, {'x': '68.28248', 'y': '63.90440000000001'}, {'x': '68.28248', 'y': '126.15499999999996'}]}]}",screen_768x768_234.png
7e6ee51d-5831-4a50-b39d-6597684a44c8,"{'Bay': [{'geometry': [{'x': '21.17864', 'y': '113.63480000000004'}, {'x': '21.17864', 'y': '50.858899999999956'}, {'x': '37.28851', 'y': '50.858899999999956'}, {'x': '37.28851', 'y': '113.63480000000004'}]}]}",screen_768x768_235.png
68533814-fcfb-4b17-8b1a-76e0bb719cca,"{'Bay': [{'geometry': [{'x': '19.16489', 'y': '94.11030000000004'}, {'x': '19.16489', 'y': '31.422000000000025'}, {'x': '34.57425', 'y': '31.422000000000025'}, {'x': '34.57425', 'y': '94.11030000000004'}]}]}",screen_768x768_236.png
fe5b905c-20a8-46e4-8ce9-725203877a9e,"{'Bay': [{'geometry': [{'x': '16.80096', 'y': '73.5353'}, {'x': '16.80096', 'y': '11.109699999999977'}, {'x': '30.19656', 'y': '11.109699999999977'}, {'x': '30.19656', 'y': '73.5353'}]}]}",screen_768x768_237.png
d8f100d2-9a26-46e5-b2bb-e326a689486a,Skip,screen_768x768_238.png.txt
b5e1743a-c16d-403d-94fe-fc6ca42aa7bf,Skip,screen_768x768_239.png.txt
e976ddf1-c5e5-4444-9fad-701caef9c107,Skip,screen_768x768_24.png.txt
3d89acf2-e020-46a2-9cde-af2e93aad573,Skip,screen_768x768_240.png.txt
970b1c43-bede-463d-a429-ee5fd3537f67,Skip,screen_768x768_241.png.txt
e8474b52-03a8-4cad-b9d2-5d8080c2b9fd,Skip,screen_768x768_242.png.txt
390a791d-2b76-48c1-8f77-9f058d7d6ede,Skip,screen_768x768_243.png.txt
866eb221-76a4-4e94-be6b-d5d3cc350f78,Skip,screen_768x768_244.png.txt
b9286e09-9d65-4d92-9bb2-7d7108fabe46,Skip,screen_768x768_245.png.txt
1a834b14-c8bf-46ed-8573-ad5f09b2f293,Skip,screen_768x768_246.png.txt
018299e1-042c-4b7d-989e-424fdbf447df,Skip,screen_768x768_247.png.txt
7bba2062-190e-4d6f-930f-d7a4e88df952,Skip,screen_768x768_248.png.txt
64abbbaf-099c-4684-99cb-22115c447472,Skip,screen_768x768_249.png.txt
3c7669a6-2c3a-49d2-8855-4048553495ac,Skip,screen_768x768_25.png.txt
75cfa6d3-7da6-4158-a88d-97431d1e96f1,Skip,screen_768x768_250.png.txt
66dc74b5-0e35-4bde-a85d-6871cc58d5aa,Skip,screen_768x768_251.png.txt
f1acf935-1cb9-4383-a203-30ef91ad9856,Skip,screen_768x768_252.png.txt
9dbc8fbe-100c-4c54-91fb-373347b75ef7,Skip,screen_768x768_253.png.txt
26686126-a5b3-42be-93df-862665384925,Skip,screen_768x768_254.png.txt
4bceeeaa-0c3f-4278-90b4-54c2a1b94abe,Skip,screen_768x768_255.png.txt
1868fcda-4551-4ad0-8a3d-19fe58abefe6,Skip,screen_768x768_256.png.txt
bf913909-9511-437f-b585-2c0be15738a5,Skip,screen_768x768_257.png.txt
68264370-359d-4ae8-b7a7-3bbaf9a722c8,Skip,screen_768x768_258.png.txt
279a5941-1328-476e-b595-08ff44142c00,Skip,screen_768x768_259.png.txt
602ae82e-8fb9-438f-8a38-1fe375fe4b4a,Skip,screen_768x768_26.png.txt
5e760c4d-2e59-433a-aaeb-01792c19edf0,Skip,screen_768x768_260.png.txt
3ee4ee42-7489-42b0-aa25-e046ada8afe6,Skip,screen_768x768_261.png.txt
7b4105a4-8a40-47a4-b3ac-6aec3eee518b,Skip,screen_768x768_262.png.txt
d2fb9222-cabf-46b0-ab18-93a4aabc2836,Skip,screen_768x768_263.png.txt
9e9bfd55-1383-40da-a063-51f4189bfd47,Skip,screen_768x768_264.png.txt
cf49a6be-1ec3-4a56-a4c4-8fd8a7666981,Skip,screen_768x768_265.png.txt
618f5eaf-aeaf-42f9-82ed-3134737e6234,Skip,screen_768x768_266.png.txt
97bc7ef8-45b5-4d9d-9b37-47ac92f6f070,Skip,screen_768x768_267.png.txt
d2e823f5-ef50-4a86-a6cf-4b64e40ee6a9,Skip,screen_768x768_268.png.txt
fb02bf01-d103-400f-a0bd-3362eb4db6a6,Skip,screen_768x768_269.png.txt
7b3e3aa0-62b8-43cf-b614-78995021f9a7,Skip,screen_768x768_27.png.txt
4401c14b-8796-4521-aa66-c7bf2eb442a7,Skip,screen_768x768_270.png.txt
f57b77ea-15f3-4222-8c27-e79a9de46d13,"{'Bay': [{'geometry': [{'x': '632.9143', 'y': '152.94619999999995'}, {'x': '632.9143', 'y': '166.4294'}, {'x': '694.7272', 'y': '166.4294'}, {'x': '694.7272', 'y': '152.94619999999995'}]}]}",screen_768x768_271.png
433b9ba0-23e9-4f43-9f89-20534c992751,"{'Bay': [{'geometry': [{'x': '545.3608', 'y': '152.94619999999995'}, {'x': '545.3608', 'y': '166.4294'}, {'x': '607.1737', 'y': '166.4294'}, {'x': '607.1737', 'y': '152.94619999999995'}]}]}",screen_768x768_272.png
2803a2df-1c2d-40c5-b65e-e24b8c8fff6e,"{'Bay': [{'geometry': [{'x': '457.8074', 'y': '152.94619999999995'}, {'x': '457.8074', 'y': '166.4294'}, {'x': '519.6202', 'y': '166.4294'}, {'x': '519.6202', 'y': '152.94619999999995'}]}]}",screen_768x768_273.png
ae69f2a1-44b4-4108-ae52-68e18656aea0,"{'Bay': [{'geometry': [{'x': '370.2541', 'y': '152.94619999999995'}, {'x': '370.2541', 'y': '166.4294'}, {'x': '432.0669', 'y': '166.4294'}, {'x': '432.0669', 'y': '152.94619999999995'}]}]}",screen_768x768_274.png
37daca7c-0c08-450f-a7c2-ec1f000c15ea,"{'Bay': [{'geometry': [{'x': '282.7006', 'y': '152.94619999999995'}, {'x': '282.7006', 'y': '166.4294'}, {'x': '344.5135', 'y': '166.4294'}, {'x': '344.5135', 'y': '152.94619999999995'}]}]}",screen_768x768_275.png
6f34e0ba-e7ed-426a-8220-90ea677f079c,"{'Bay': [{'geometry': [{'x': '195.1472', 'y': '152.94619999999995'}, {'x': '195.1472', 'y': '166.4294'}, {'x': '256.96', 'y': '166.4294'}, {'x': '256.96', 'y': '152.94619999999995'}]}]}",screen_768x768_276.png
be274150-2d70-497a-8101-e5f0e263891b,"{'Bay': [{'geometry': [{'x': '107.5938', 'y': '152.94619999999995'}, {'x': '107.5938', 'y': '166.4294'}, {'x': '169.4067', 'y': '166.4294'}, {'x': '169.4067', 'y': '152.94619999999995'}]}]}",screen_768x768_277.png
1d74d4e4-47a0-4ee2-840c-ef30ab971ea1,"{'Bay': [{'geometry': [{'x': '20.04032', 'y': '152.94619999999995'}, {'x': '20.04032', 'y': '166.4294'}, {'x': '81.85316', 'y': '166.4294'}, {'x': '81.85316', 'y': '152.94619999999995'}]}]}",screen_768x768_278.png
7fb38039-470b-4a9c-bba7-b96c3b365df8,Skip,screen_768x768_279.png.txt
3c233878-08f8-461a-bc01-619880ba2871,Skip,screen_768x768_28.png.txt
6e87b7b4-d0b6-46d7-9059-9678232a9500,Skip,screen_768x768_280.png.txt
fe2968be-18ea-4976-8728-348a5c1db771,Skip,screen_768x768_281.png.txt
953102cf-4d64-4a11-ac77-b747a77fbd33,Skip,screen_768x768_282.png.txt
ba2ef0dc-6d19-4a09-af51-55b3b27ed871,Skip,screen_768x768_283.png.txt
603f1f4c-995e-43dd-8544-74d9718a38a2,Skip,screen_768x768_284.png.txt
d7228128-488d-467d-9030-9d2db402dd6a,Skip,screen_768x768_285.png.txt
265c0996-45f7-476d-81a7-47513e6067a7,Skip,screen_768x768_286.png.txt
f7bd63fe-93ef-4618-b293-577b8383fdef,Skip,screen_768x768_287.png.txt
923f7cce-d7c5-474d-bc71-04279070f3ca,Skip,screen_768x768_288.png.txt
e787ec4c-ce73-4209-8dc3-79da4cfae70e,Skip,screen_768x768_289.png.txt
ee1f4b7a-5ad8-42b0-be42-960ccc86ba48,Skip,screen_768x768_29.png.txt
1a859499-62ca-4c22-9f02-fe61f3637e59,Skip,screen_768x768_290.png.txt
7eea03dd-c2fe-4218-b9ff-6395044f2fef,Skip,screen_768x768_291.png.txt
afb60bad-e3d8-4478-810c-9c957dc7ea28,Skip,screen_768x768_292.png.txt
19d263ae-3688-4367-be45-2cfadfcdf4a0,Skip,screen_768x768_293.png.txt
13647051-d165-45a7-986b-b076a18c7884,Skip,screen_768x768_294.png.txt
4044b43b-2fcd-4c1a-97a6-affe7c968b6b,Skip,screen_768x768_295.png.txt
464610b8-d074-4336-adf9-b9d2992237e2,Skip,screen_768x768_296.png.txt
dc42f193-7dfa-48fc-9c94-71b667d7450b,Skip,screen_768x768_297.png.txt
a480e41b-7e62-46ac-b471-c997e9c4a4e2,Skip,screen_768x768_298.png.txt
7724648a-654d-4ea6-886c-618640572c68,Skip,screen_768x768_299.png.txt
ebd75496-67c6-4953-b4c9-254678f8ca44,Skip,screen_768x768_3.png.txt
ba99b860-aaf3-4e68-805f-dbd0019f7377,Skip,screen_768x768_30.png.txt
8404aa06-c828-4fd0-8c83-b6bb0e07dd29,Skip,screen_768x768_300.png.txt
a30dd86f-7871-4d44-a85f-174086761b31,Skip,screen_768x768_301.png.txt
dabb00d5-decb-4eaa-88e4-33f84537b4f3,Skip,screen_768x768_302.png.txt
6839ee0b-b193-498f-a8e1-8d24ee81ec11,Skip,screen_768x768_303.png.txt
d95548cf-ad75-493f-9240-488b20517d30,Skip,screen_768x768_304.png.txt
b679ad19-22c2-4233-af43-80d8157d7242,Skip,screen_768x768_305.png.txt
f1a965ba-d1e6-488d-a46d-1fa97f96cdf3,Skip,screen_768x768_306.png.txt
977569eb-2008-4bad-93df-17cdcba25731,Skip,screen_768x768_307.png.txt
5b46af73-c080-4ce9-ac7d-64bf8a01f7db,Skip,screen_768x768_308.png.txt
143331bd-2255-4d99-8d6f-0001ddc2437e,Skip,screen_768x768_309.png.txt
0e2187f7-59cf-4179-b4f5-1e0681ed5a88,Skip,screen_768x768_31.png.txt
e7480454-03d7-4d5e-b5da-485a956731cf,Skip,screen_768x768_310.png.txt
0e26eee6-f81f-40f0-bfbe-d8da503b8a53,Skip,screen_768x768_311.png.txt
e4fbfd5c-1884-434a-8da1-f8b7d0336d2f,Skip,screen_768x768_312.png.txt
1ad5f9ed-3df4-40a3-b7e6-07da1a057d3a,Skip,screen_768x768_313.png.txt
68b673c3-8382-4567-b4a4-54e76d25280b,Skip,screen_768x768_314.png.txt
38f07c85-5c3c-4dd2-827b-cd00163299d0,Skip,screen_768x768_315.png.txt
0317b249-00c0-4e5f-aa96-7abd6e0749a4,Skip,screen_768x768_316.png.txt
da71e15c-0697-417c-a55b-cb62a68967ec,Skip,screen_768x768_317.png.txt
a597d884-c0a2-4162-ac78-c8c4c8de7880,Skip,screen_768x768_318.png.txt
e5cc666b-990b-4211-8508-9a75a8814a12,Skip,screen_768x768_319.png.txt
f434019e-f568-425d-bf2c-c54902968fc7,Skip,screen_768x768_32.png.txt
2ee30cec-dad8-403c-850c-60eda85bad8d,Skip,screen_768x768_320.png.txt
889e2544-0de6-4177-8911-2c44fb248ecc,Skip,screen_768x768_321.png.txt
4000a1fa-ac40-4a5f-9384-3687f688da03,Skip,screen_768x768_322.png.txt
133061ad-f63f-4ec6-8fef-64f425776fec,"{'Bay': [{'geometry': [{'x': '686.4095', 'y': '23.717499999999966'}, {'x': '686.4095', 'y': '9.883799999999953'}, {'x': '741.2180000000002', 'y': '9.883799999999953'}, {'x': '741.2180000000002', 'y': '23.717499999999966'}]}]}",screen_768x768_323.png
fdc839be-3f0c-4bcd-baf0-e08549a303d9,"{'Bay': [{'geometry': [{'x': '598.8561', 'y': '23.717499999999966'}, {'x': '598.8561', 'y': '9.883799999999953'}, {'x': '653.6646', 'y': '9.883799999999953'}, {'x': '653.6646', 'y': '23.717499999999966'}]}]}",screen_768x768_324.png
ec7dc954-f9cb-4d94-9af4-48b12b63e8da,"{'Bay': [{'geometry': [{'x': '511.3026', 'y': '23.717499999999966'}, {'x': '511.3026', 'y': '9.883799999999953'}, {'x': '566.1111', 'y': '9.883799999999953'}, {'x': '566.1111', 'y': '23.717499999999966'}]}]}",screen_768x768_325.png
edba291b-d94f-4d7e-b163-7cb002de3048,"{'Bay': [{'geometry': [{'x': '423.7493', 'y': '23.717499999999966'}, {'x': '423.7493', 'y': '9.883799999999953'}, {'x': '478.5578', 'y': '9.883799999999953'}, {'x': '478.5578', 'y': '23.717499999999966'}]}]}",screen_768x768_326.png
4d825a72-bcd0-4504-a9aa-a66545dc6e58,"{'Bay': [{'geometry': [{'x': '336.1958', 'y': '23.717499999999966'}, {'x': '336.1958', 'y': '9.883799999999953'}, {'x': '391.0043', 'y': '9.883799999999953'}, {'x': '391.0043', 'y': '23.717499999999966'}]}]}",screen_768x768_327.png
104f04f4-1e64-43d8-b393-e4b42aae1dd8,"{'Bay': [{'geometry': [{'x': '248.6424', 'y': '23.717499999999966'}, {'x': '248.6424', 'y': '9.883799999999953'}, {'x': '303.4509', 'y': '9.883799999999953'}, {'x': '303.4509', 'y': '23.717499999999966'}]}]}",screen_768x768_328.png
714e2b57-9b3d-4e09-9626-12f1d9a34c86,"{'Bay': [{'geometry': [{'x': '161.089', 'y': '23.717499999999966'}, {'x': '161.089', 'y': '9.883799999999953'}, {'x': '215.8976', 'y': '9.883799999999953'}, {'x': '215.8976', 'y': '23.717499999999966'}]}]}",screen_768x768_329.png
36841adb-da51-4741-8c06-3389e349d944,Skip,screen_768x768_33.png.txt
29747e39-fdcb-4f9f-9bef-920aa37b3bc0,"{'Bay': [{'geometry': [{'x': '73.53551999999998', 'y': '23.717499999999966'}, {'x': '73.53551999999998', 'y': '9.883799999999953'}, {'x': '128.344', 'y': '9.883799999999953'}, {'x': '128.344', 'y': '23.717499999999966'}]}]}",screen_768x768_330.png
976f2cd8-9c1d-403f-960c-e267aced0756,Skip,screen_768x768_331.png.txt
a40c6562-922a-4491-a862-c41509d16552,Skip,screen_768x768_332.png.txt
3b9bc397-a109-4800-97f9-c9a8f14fbd6e,Skip,screen_768x768_333.png.txt
ebc3511b-f2b8-423b-bf60-d13bf1e1472b,Skip,screen_768x768_334.png.txt
3428b4dc-b7de-407d-92eb-3e111e960df1,Skip,screen_768x768_335.png.txt
7e93bde1-c6e1-483f-843f-51e4c1564aa7,Skip,screen_768x768_336.png.txt
d5d965ff-8c03-40e9-a280-3168d8cf7f6b,Skip,screen_768x768_337.png.txt
eeb2adb3-b120-40bd-b475-7bc3c84889b8,Skip,screen_768x768_338.png.txt
737586db-4555-44fc-8def-f5c9c5207ce2,Skip,screen_768x768_339.png.txt
629c2592-13a1-4fd1-8782-63f35cb8df70,Skip,screen_768x768_34.png.txt
7555973a-c5f0-4234-a7ca-3ea37b366034,"{'Bay': [{'geometry': [{'x': '710.3114', 'y': '505.2611'}, {'x': '710.3114', 'y': '456.9317'}, {'x': '749.4476', 'y': '456.9317'}, {'x': '749.4476', 'y': '505.2611'}]}]}",screen_768x768_340.png
0cd255e5-876d-4993-865f-4803be51a2cd,"{'Bay': [{'geometry': [{'x': '649.8121', 'y': '512.6158'}, {'x': '649.8121', 'y': '468.051'}, {'x': '692.4508', 'y': '468.051'}, {'x': '692.4508', 'y': '512.6158'}]}]}",screen_768x768_341.png
13192268-9ee3-4966-8134-0f4542882018,"{'Bay': [{'geometry': [{'x': '697.6163', 'y': '574.8659'}, {'x': '697.6163', 'y': '539.8448'}, {'x': '749.4479', 'y': '539.8448'}, {'x': '749.4479', 'y': '574.8659'}]}]}",screen_768x768_342.png
b533c5c8-edd0-4209-92f8-5f07c7e10166,"{'Bay': [{'geometry': [{'x': '694.7269', 'y': '619.5184'}, {'x': '694.7269', 'y': '583.0086'}, {'x': '747.1716', 'y': '583.0086'}, {'x': '747.1716', 'y': '619.5184'}]}]}",screen_768x768_343.png
fafa3d53-00a4-443f-9adf-ff9f9a2d9c71,"{'Bay': [{'geometry': [{'x': '693.5015', 'y': '662.9447'}, {'x': '693.5015', 'y': '629.0617'}, {'x': '748.8351', 'y': '629.0617'}, {'x': '748.8351', 'y': '662.9447'}]}]}",screen_768x768_344.png
9133df49-ce06-438f-9f02-1a43fd14cd3e,"{'Bay': [{'geometry': [{'x': '605.9481', 'y': '662.9447'}, {'x': '605.9481', 'y': '629.0617'}, {'x': '661.2817', 'y': '629.0617'}, {'x': '661.2817', 'y': '662.9447'}]}]}",screen_768x768_345.png
579d8765-a148-4370-af94-b25f2f683c88,"{'Bay': [{'geometry': [{'x': '518.3945', 'y': '662.9447'}, {'x': '518.3945', 'y': '629.0617'}, {'x': '573.7281', 'y': '629.0617'}, {'x': '573.7281', 'y': '662.9447'}]}]}",screen_768x768_346.png
d6efd155-be9a-414b-9ec9-6df7b21d56f2,"{'Bay': [{'geometry': [{'x': '430.8411', 'y': '662.9447'}, {'x': '430.8411', 'y': '629.0617'}, {'x': '486.1747', 'y': '629.0617'}, {'x': '486.1747', 'y': '662.9447'}]}]}",screen_768x768_347.png
d5dd1fc6-50b2-466a-8b81-35b96aa9bc7d,"{'Bay': [{'geometry': [{'x': '343.2878', 'y': '662.9447'}, {'x': '343.2878', 'y': '629.0617'}, {'x': '398.6214', 'y': '629.0617'}, {'x': '398.6214', 'y': '662.9447'}]}]}",screen_768x768_348.png
1de847f9-0cb8-4dfd-b5c7-1e968523285c,"{'Bay': [{'geometry': [{'x': '255.7344', 'y': '662.9447'}, {'x': '255.7344', 'y': '629.0617'}, {'x': '311.0681', 'y': '629.0617'}, {'x': '311.0681', 'y': '662.9447'}]}]}",screen_768x768_349.png
dae5ac8d-564d-4529-ae3a-dab4f13dca98,Skip,screen_768x768_35.png.txt
14ea6033-33b7-4cce-acf0-2c6fec7c1029,"{'Bay': [{'geometry': [{'x': '168.18099999999995', 'y': '662.9447'}, {'x': '168.18099999999995', 'y': '629.0617'}, {'x': '223.5147', 'y': '629.0617'}, {'x': '223.5147', 'y': '662.9447'}]}]}",screen_768x768_350.png
fa5f9593-52fd-471a-bd51-492adf3602fd,"{'Bay': [{'geometry': [{'x': '80.62738', 'y': '662.9447'}, {'x': '80.62738', 'y': '629.0617'}, {'x': '135.961', 'y': '629.0617'}, {'x': '135.961', 'y': '662.9447'}]}]}",screen_768x768_351.png
4cc87c21-10a1-4c4e-aaa4-4a13d9e73545,Skip,screen_768x768_352.png.txt
8b5b42f2-9efc-49fc-b443-f579ed6eb154,Skip,screen_768x768_353.png.txt
3bddeaf3-79e4-4d4d-ae4c-a20e2b062941,Skip,screen_768x768_354.png.txt
35a9b229-fe19-41a1-957f-9741f17e2dee,Skip,screen_768x768_355.png.txt
1d6b9dae-630c-415e-87f9-184f7acef034,Skip,screen_768x768_356.png.txt
976ca205-56ba-42b0-8daf-c305ad5fb152,Skip,screen_768x768_357.png.txt
60cb6114-d4d1-4f2d-be6c-39365ef34e09,Skip,screen_768x768_358.png.txt
76131571-d4fb-4962-918b-c736f7f115b8,Skip,screen_768x768_359.png.txt
8a29a22e-5327-437b-a55c-5669c367efef,Skip,screen_768x768_36.png.txt
18492f39-59cd-4f1c-af58-624679bdcd21,Skip,screen_768x768_37.png.txt
ddfed242-8cdf-4da9-a67c-536eb3900987,Skip,screen_768x768_38.png.txt
eaa8daa4-2d4d-4225-b695-837215f90838,Skip,screen_768x768_39.png.txt
36e37767-536b-44de-9787-8b93c39ae0fb,Skip,screen_768x768_4.png.txt
fa55c7f0-66c0-4f69-801f-cb7c8f932469,Skip,screen_768x768_40.png.txt
5ef27340-9600-4466-9f55-cd267f919d02,Skip,screen_768x768_41.png.txt
ce855962-5219-42b4-9c7c-c698e488b33e,Skip,screen_768x768_42.png.txt
4d760ae4-fe18-40f5-b810-f0f60bc7193c,Skip,screen_768x768_43.png.txt
4eb60417-ec71-45a1-8d36-63fd27bab83d,Skip,screen_768x768_44.png.txt
d2c8110e-6ed2-4d15-818c-cb729afbba7f,Skip,screen_768x768_45.png.txt
b256235c-4162-47ec-8788-729319fea87b,Skip,screen_768x768_46.png.txt
c0c9d1f3-d239-4620-b6b7-ec22d2916c95,Skip,screen_768x768_47.png.txt
0bfafdc2-1aef-486b-8fb2-3ec85c9cbdf7,Skip,screen_768x768_48.png.txt
00af02d3-f240-4fbc-8adc-657012a9bee7,Skip,screen_768x768_49.png.txt
008428f6-122a-40cb-975f-6e837a2e2d4c,Skip,screen_768x768_5.png.txt
4efb1959-0f69-4a49-9541-6e1514095798,Skip,screen_768x768_50.png.txt
7df072a6-d5a3-41ef-8dcc-37f74b4db9fb,Skip,screen_768x768_51.png.txt
79ed16d6-4bbd-47e8-b40f-e7b76c5a2b7a,Skip,screen_768x768_52.png.txt
6e0d9e9e-0ca3-4f09-8d8b-2125bb27a02c,Skip,screen_768x768_53.png.txt
c1b76925-f59c-47e0-bd87-57a13b0681a4,Skip,screen_768x768_54.png.txt
5ffd699d-1f9a-4bf4-8a14-ce2d12187023,Skip,screen_768x768_55.png.txt
b3228950-7486-4a92-963f-cc0b56e08dfc,Skip,screen_768x768_56.png.txt
f2a5dadd-8d6d-47e8-81b4-725e9bbe4248,Skip,screen_768x768_57.png.txt
6defaa22-5d9d-464c-a7f7-013e669b171a,Skip,screen_768x768_58.png.txt
1604ced8-6390-4e8f-bf3b-0e3535c414ed,Skip,screen_768x768_59.png.txt
af7ae467-051d-471a-a53e-6c7857d065bb,Skip,screen_768x768_6.png.txt
800d57d3-f657-43aa-8173-56859cf5ba20,Skip,screen_768x768_60.png.txt
0fc37a01-64c0-4cb2-bd36-49d61852217e,Skip,screen_768x768_61.png.txt
271b376b-a833-4930-babe-6f5699b151cc,Skip,screen_768x768_62.png.txt
206815d9-6fde-4a82-9126-6658567a8f8c,Skip,screen_768x768_63.png.txt
75329567-9ccf-484c-85e7-30f190514294,Skip,screen_768x768_64.png.txt
20b38e70-abcd-42e5-96d9-895d519e3d4a,Skip,screen_768x768_65.png.txt
954bcf2e-01c9-4b5d-8fae-6cd625b0d1dd,Skip,screen_768x768_66.png.txt
3f265b7c-7394-4f49-9e35-c3c7704c40f3,Skip,screen_768x768_67.png.txt
83e95f1d-6e21-4b52-aee8-78d890b9642e,Skip,screen_768x768_68.png.txt
22dbb75a-359e-4925-ab09-089983647577,"{'Bay': [{'geometry': [{'x': '747.9597', 'y': '766.958588'}, {'x': '747.9597', 'y': '704.53301'}, {'x': '765.8206', 'y': '704.53301'}, {'x': '765.8206', 'y': '766.958588'}]}]}",screen_768x768_69.png
e6c0d8db-c3d6-46ea-af97-653d3a605830,Skip,screen_768x768_7.png.txt
081aadbe-9e3a-4af2-95e1-6e303c220e17,"{'Bay': [{'geometry': [{'x': '690.9622', 'y': '760.04187'}, {'x': '690.9622', 'y': '696.9158'}, {'x': '710.6617', 'y': '696.9158'}, {'x': '710.6617', 'y': '760.04187'}]}]}",screen_768x768_70.png
67005c3a-3a7d-4d26-bea6-2c66a5a30ce0,"{'Bay': [{'geometry': [{'x': '603.4088', 'y': '760.04187'}, {'x': '603.4088', 'y': '696.9158'}, {'x': '623.1084', 'y': '696.9158'}, {'x': '623.1084', 'y': '760.04187'}]}]}",screen_768x768_71.png
d7604606-f4c8-494b-810c-34063ceaafa9,"{'Bay': [{'geometry': [{'x': '623.9838', 'y': '756.80235'}, {'x': '623.9838', 'y': '723.09428'}, {'x': '681.2437', 'y': '723.09428'}, {'x': '681.2437', 'y': '756.80235'}]}]}",screen_768x768_72.png
d28a22bf-53f6-49f3-b3da-6705d8f34bd9,"{'Bay': [{'geometry': [{'x': '536.4304', 'y': '756.80235'}, {'x': '536.4304', 'y': '723.09428'}, {'x': '593.6904', 'y': '723.09428'}, {'x': '593.6904', 'y': '756.80235'}]}]}",screen_768x768_73.png
0cd7fe62-ec82-4ceb-b292-fcbf9d9af1b1,"{'Bay': [{'geometry': [{'x': '448.8771', 'y': '756.80235'}, {'x': '448.8771', 'y': '723.09428'}, {'x': '506.137', 'y': '723.09428'}, {'x': '506.137', 'y': '756.80235'}]}]}",screen_768x768_74.png
6c9339e8-bd47-4d1e-aaad-048d0692d60c,"{'Bay': [{'geometry': [{'x': '361.3236', 'y': '756.80235'}, {'x': '361.3236', 'y': '723.09428'}, {'x': '418.5835', 'y': '723.09428'}, {'x': '418.5835', 'y': '756.80235'}]}]}",screen_768x768_75.png
5b00aa73-7f09-4c2f-884c-cbfb68826c0b,"{'Bay': [{'geometry': [{'x': '273.7703', 'y': '756.80235'}, {'x': '273.7703', 'y': '723.09428'}, {'x': '331.0302', 'y': '723.09428'}, {'x': '331.0302', 'y': '756.80235'}]}]}",screen_768x768_76.png
ed226b7d-99ef-49a3-adb1-cbb07676e973,"{'Bay': [{'geometry': [{'x': '186.2168', 'y': '756.80235'}, {'x': '186.2168', 'y': '723.09428'}, {'x': '243.4767', 'y': '723.09428'}, {'x': '243.4767', 'y': '756.80235'}]}]}",screen_768x768_77.png
4df4ae37-1608-4000-84f2-f5ff148bf0d3,"{'Bay': [{'geometry': [{'x': '98.66338', 'y': '756.80235'}, {'x': '98.66338', 'y': '723.09428'}, {'x': '155.9233', 'y': '723.09428'}, {'x': '155.9233', 'y': '756.80235'}]}]}",screen_768x768_78.png
8b9787f8-854a-48c5-a5b5-f43f0aabd7f4,"{'Bay': [{'geometry': [{'x': '11.11004', 'y': '756.80235'}, {'x': '11.11004', 'y': '723.09428'}, {'x': '68.36993000000001', 'y': '723.09428'}, {'x': '68.36993000000001', 'y': '756.80235'}]}]}",screen_768x768_79.png
93aba26e-485c-4af8-942d-5c95120a09a0,Skip,screen_768x768_8.png.txt
ef1963f1-e2ad-4186-98fa-c7f52da1bff7,Skip,screen_768x768_80.png.txt
36990912-63d1-4c32-ae24-e08de452c107,Skip,screen_768x768_81.png.txt
b7bc9990-71ec-4748-a83d-110b352dd433,Skip,screen_768x768_82.png.txt
3552c613-eb5d-41e7-9b01-57fd3462d174,Skip,screen_768x768_83.png.txt
6a16713d-2b34-4751-9f68-44ecba3b0c95,Skip,screen_768x768_84.png.txt
5cd09ad9-b993-4147-8fa8-42ce9efc7037,Skip,screen_768x768_85.png.txt
48eb4970-f787-4538-bcfc-8c9107b84cd3,Skip,screen_768x768_86.png.txt
7e8f638a-e96e-491e-92f0-d0e3e252bb4d,Skip,screen_768x768_87.png.txt
fc6962aa-ff94-4af2-96fd-ddbb98e65082,Skip,screen_768x768_88.png.txt
8cbe6b90-d48c-4b1a-87e3-681743a8c523,Skip,screen_768x768_89.png.txt
c69351e0-8086-4e1f-a4cb-e94b089290a2,Skip,screen_768x768_9.png.txt
35b58c4a-3be9-477f-8dbb-8666a6a2f831,Skip,screen_768x768_90.png.txt
3cd1c42d-bac6-4e73-a96a-29862c24b319,Skip,screen_768x768_91.png.txt
cb7e6de7-f2a4-43e0-ab6c-982d1ebabd79,Skip,screen_768x768_92.png.txt
2222d12b-3599-475b-991e-70256f315a41,Skip,screen_768x768_93.png.txt
8c617a47-9bbc-47c3-a00c-075a7cd7b9da,Skip,screen_768x768_94.png.txt
ad958039-2ca9-4855-bf3c-9d30b2930b50,Skip,screen_768x768_95.png.txt
2f0b6fc2-0688-404f-91be-2d8e5bc94fa3,Skip,screen_768x768_96.png.txt
a13f4588-60a1-4d2c-bb8d-6f4784456d4e,Skip,screen_768x768_97.png.txt
ff5cab63-b0b3-4359-aa73-575687c0d1d6,Skip,screen_768x768_98.png.txt
ed1b8ddc-319f-4939-86ab-58d46adc7737,Skip,screen_768x768_99.png.txt
